{
    "./result_8192data_per4batch64_ckpt10.json": {
        "NDCG": [
            0.014000000000000002,
            0.017528462817143004,
            0.0177693392516515,
            0.018101787767651315,
            0.018444726873581452
        ],
        "HR": [
            0.014,
            0.0198,
            0.0204,
            0.0214,
            0.0228
        ]
    }
}