{
    "./result_8192data_per4batch64_ckpt5.json": {
        "NDCG": [
            0.015200000000000002,
            0.019711764472143043,
            0.0201249115298809,
            0.020578741404603106,
            0.021185876512280107
        ],
        "HR": [
            0.0152,
            0.0226,
            0.0236,
            0.025,
            0.0274
        ]
    }
}