{
    "./result_8192data_per4batch64_ckpt2.json": {
        "NDCG": [
            0.0042000000000000015,
            0.00830702066928587,
            0.008806303038638401,
            0.00948369062530608,
            0.009983448516132601
        ],
        "HR": [
            0.0042,
            0.011,
            0.0122,
            0.0144,
            0.0164
        ]
    }
}