{
    "./result_8192data_per4batch64_ckpt9.json": {
        "NDCG": [
            0.013600000000000003,
            0.016797533063571547,
            0.016883668375186223,
            0.01714945022451938,
            0.017540351823763137
        ],
        "HR": [
            0.0136,
            0.019,
            0.0192,
            0.02,
            0.0216
        ]
    }
}