{
    "./result_8192data_per4batch64_ckpt4.json": {
        "NDCG": [
            0.012200000000000003,
            0.017342694225714505,
            0.018014247218296395,
            0.018350269425605737,
            0.01931323943503408
        ],
        "HR": [
            0.0122,
            0.0206,
            0.0222,
            0.0232,
            0.027
        ]
    }
}