{
    "./result_8192data_per4batch64_ckpt6.json": {
        "NDCG": [
            0.012200000000000003,
            0.01671176447214305,
            0.017288417402942485,
            0.017676991089675295,
            0.0181832390115886
        ],
        "HR": [
            0.0122,
            0.0196,
            0.021,
            0.0222,
            0.0242
        ]
    }
}