{
    "./result_8192data_per4batch64_ckpt8.json": {
        "NDCG": [
            0.013400000000000002,
            0.01684990496500013,
            0.01701341083806172,
            0.017535119755879517,
            0.01793837292318292
        ],
        "HR": [
            0.0134,
            0.0192,
            0.0196,
            0.0212,
            0.0228
        ]
    }
}