{
    "./result_8192data_per4batch64_ckpt3.json": {
        "NDCG": [
            0.009200000000000002,
            0.013890322324285923,
            0.014398369443806222,
            0.0150479521068689,
            0.015685443797788044
        ],
        "HR": [
            0.0092,
            0.0168,
            0.018,
            0.02,
            0.0226
        ]
    }
}