{
    "./result_8192data_per4batch64_ckpt7.json": {
        "NDCG": [
            0.0112,
            0.01454990496500013,
            0.014799546149676397,
            0.015327221792672936,
            0.0156223877820455
        ],
        "HR": [
            0.0112,
            0.0168,
            0.0174,
            0.019,
            0.0202
        ]
    }
}