{
    "./result_8192data_per4batch64_ckpt1.json": {
        "NDCG": [
            0.0024000000000000002,
            0.0065117644721430345,
            0.00733805858761874,
            0.007965570374103798,
            0.008688480816539999
        ],
        "HR": [
            0.0024,
            0.009,
            0.011,
            0.013,
            0.016
        ]
    }
}