{
    "./result_140000data_per32batch256_lr9e-5.json": {
        "NDCG": [
            0.0204,
            0.02753548348642886,
            0.028215801229178505,
            0.028656202631742685,
            0.029297076035466028
        ],
        "HR": [
            0.0204,
            0.032,
            0.0336,
            0.035,
            0.0376
        ]
    }
}