{
    "./result_lr1e-3_per64batch256_weightdecay1e-5.json": {
        "NDCG": [
            0.0204,
            0.02493795042285733,
            0.02518759160753359,
            0.02580841823476613,
            0.0264088603762705
        ],
        "HR": [
            0.0204,
            0.0278,
            0.0284,
            0.0304,
            0.0328
        ]
    }
}