{
    "./result_per64batch256_lr6e-4.json": {
        "NDCG": [
            0.0262,
            0.03046413637357161,
            0.030636406996800966,
            0.03132988554013237,
            0.032125322860485986
        ],
        "HR": [
            0.0262,
            0.033,
            0.0334,
            0.0356,
            0.0388
        ]
    }
}