{
    "./result_65536data_per4batch128_ckpt2.json": {
        "NDCG": [
            0.023400000000000004,
            0.028695066127143072,
            0.029116977935048687,
            0.02944653947482415,
            0.029944008097372094
        ],
        "HR": [
            0.0234,
            0.032,
            0.033,
            0.034,
            0.036
        ]
    }
}