{
    "./result_65536data_per4batch128_ckpt3.json": {
        "NDCG": [
            0.024400000000000005,
            0.02911176447214303,
            0.0294387762182662,
            0.02975779626210799,
            0.030256334776232293
        ],
        "HR": [
            0.0244,
            0.0322,
            0.033,
            0.034,
            0.036
        ]
    }
}