{
    "./result_65536data_per4batch128_ckpt1.json": {
        "NDCG": [
            0.02,
            0.026125995880714535,
            0.026711413561681736,
            0.027422580983565852,
            0.028169034145480654
        ],
        "HR": [
            0.02,
            0.03,
            0.0314,
            0.0336,
            0.0366
        ]
    }
}