{
    "./result_131072data_per64batch256_pad_ckpt3.json": {
        "NDCG": [
            0.024400000000000005,
            0.02878557852142874,
            0.029198725579166585,
            0.029442930494277254,
            0.03005227502329499
        ],
        "HR": [
            0.0244,
            0.0316,
            0.0326,
            0.0334,
            0.0358
        ]
    }
}