{
    "./result_131072data_per64batch256_pad_ckpt1.json": {
        "NDCG": [
            0.0204,
            0.02604743802857166,
            0.0266503852098744,
            0.027205443182508938,
            0.027851331224144765
        ],
        "HR": [
            0.0204,
            0.0296,
            0.031,
            0.0328,
            0.0354
        ]
    }
}