{
    "./result_131072data_per64batch256_pad_ckpt2.json": {
        "NDCG": [
            0.022000000000000002,
            0.027416508275000192,
            0.02807053176724653,
            0.028377829657714352,
            0.028787470792721627
        ],
        "HR": [
            0.022,
            0.031,
            0.0326,
            0.0336,
            0.0352
        ]
    }
}