{
    "./retrain_140000data_per32batch256_lr9e-5_per4batch256.json": {
        "NDCG": [
            0.024600000000000004,
            0.030347438028571646,
            0.030683214524862588,
            0.03119338086730129,
            0.0317537087644592
        ],
        "HR": [
            0.0246,
            0.034,
            0.0348,
            0.0364,
            0.0386
        ]
    }
}