{
    "./result_retrain_140000data_per32batch256_lr9e-5_per2batch128.json": {
        "NDCG": [
            0.0224,
            0.02824743802857165,
            0.028591979275030363,
            0.029242761119786798,
            0.029960310149164445
        ],
        "HR": [
            0.0224,
            0.032,
            0.0328,
            0.0348,
            0.0376
        ]
    }
}