{
    "./result_retrain_140000data_per64batch256_pad.json": {
        "NDCG": [
            0.023200000000000005,
            0.028416508275000193,
            0.028915790644352714,
            0.029475917330097322,
            0.029881780000173462
        ],
        "HR": [
            0.0232,
            0.0318,
            0.033,
            0.0348,
            0.0364
        ]
    }
}