{
    "./result_140000data_per64batch256_rightpadding_nousefast.json": {
        "NDCG": [
            0.023200000000000005,
            0.028821252077857365,
            0.02921686963525967,
            0.029477371474499255,
            0.03004082830497204
        ],
        "HR": [
            0.0232,
            0.0324,
            0.0334,
            0.0342,
            0.0364
        ]
    }
}