{
    "./result_140000data_per32batch256_qwenformatprompt.json": {
        "NDCG": [
            0.025800000000000003,
            0.03126888017642878,
            0.03159589192255195,
            0.03203750570154505,
            0.03228452001666793
        ],
        "HR": [
            0.0258,
            0.0348,
            0.0356,
            0.037,
            0.038
        ]
    }
}