{
    "./result_140000data_per64batch256_rightpadding_sota_hyper.json": {
        "NDCG": [
            0.022600000000000002,
            0.027464136373571615,
            0.028118159865817963,
            0.028428326208256666,
            0.028980969087398143
        ],
        "HR": [
            0.0226,
            0.0306,
            0.0322,
            0.0332,
            0.0354
        ]
    }
}