{
    "./result_140000data_per4batch128.json": {
        "NDCG": [
            0.023400000000000004,
            0.02975218183142881,
            0.030225169950278023,
            0.030652142880684186,
            0.031162073431598193
        ],
        "HR": [
            0.0234,
            0.0338,
            0.035,
            0.0364,
            0.0384
        ]
    }
}