{
    "./result_140000data_per4batch128_ckpt3.json": {
        "NDCG": [
            0.0204,
            0.025316508275000205,
            0.025712125832402517,
            0.026146771806771465,
            0.02664682519937514
        ],
        "HR": [
            0.0204,
            0.0284,
            0.0294,
            0.0308,
            0.0328
        ]
    }
}