{
    "./result_140000data_per4batch128_ckpt2.json": {
        "NDCG": [
            0.021600000000000005,
            0.026821252077857367,
            0.027225634385427445,
            0.027728653345247104,
            0.02822572899854168
        ],
        "HR": [
            0.0216,
            0.03,
            0.031,
            0.0326,
            0.0346
        ]
    }
}