{
    "./result_per64batch512.json": {
        "NDCG": [
            0.025400000000000002,
            0.030290322324285905,
            0.03119398700120851,
            0.031902285971121734,
            0.0326492066903439
        ],
        "HR": [
            0.0254,
            0.0334,
            0.0356,
            0.0378,
            0.0408
        ]
    }
}