{
    "./result_per64batch256.json": {
        "NDCG": [
            0.0274,
            0.03183795042285732,
            0.032173726919148264,
            0.03301037505240804,
            0.0335016470679559
        ],
        "HR": [
            0.0274,
            0.0346,
            0.0354,
            0.038,
            0.04
        ]
    }
}