{
    "./result.json": {
        "NDCG": [
            0.025400000000000002,
            0.028928462817142998,
            0.02941898043632775,
            0.029723885292926345,
            0.03024312562149014
        ],
        "HR": [
            0.0254,
            0.0312,
            0.0324,
            0.0334,
            0.0354
        ]
    }
}