{
    "./result.json": {
        "NDCG": [
            0.026800000000000004,
            0.030228462817142993,
            0.030951092120668475,
            0.03126196370244581,
            0.0317292487698588
        ],
        "HR": [
            0.0268,
            0.0324,
            0.0342,
            0.0352,
            0.037
        ]
    }
}