{
    "./result.json": {
        "NDCG": [
            0.025800000000000003,
            0.02920227686642871,
            0.029692794485613464,
            0.029998386057297224,
            0.030460096838486033
        ],
        "HR": [
            0.0258,
            0.0314,
            0.0326,
            0.0336,
            0.0354
        ]
    }
}