{
    "./result.json": {
        "NDCG": [
            0.024200000000000003,
            0.02838557852142874,
            0.02878996082899881,
            0.029478352134966686,
            0.030224193752195525
        ],
        "HR": [
            0.0242,
            0.031,
            0.032,
            0.0342,
            0.0372
        ]
    }
}