{
    "./result_small_dataset.json": {
        "NDCG": [
            0.005800000000000001,
            0.008218975211428663,
            0.0088467044531717,
            0.00922065048605272,
            0.010341911785109367
        ],
        "HR": [
            0.0058,
            0.0098,
            0.0114,
            0.0126,
            0.017
        ]
    }
}