{
    "./result_148480data_per64batch256_lr1e-4.json": {
        "NDCG": [
            0.024000000000000004,
            0.028207020669285862,
            0.02852526766524127,
            0.02936142185614592,
            0.02972158134967902
        ],
        "HR": [
            0.024,
            0.031,
            0.0318,
            0.0344,
            0.0358
        ]
    }
}