{
    "./result_148480data_per64batch256.json": {
        "NDCG": [
            0.023200000000000005,
            0.029578367782143105,
            0.03007765015149563,
            0.030531691323201344,
            0.03088263155582408
        ],
        "HR": [
            0.0232,
            0.0336,
            0.0348,
            0.0362,
            0.0376
        ]
    }
}