{
    "./result_148480data_per64batch256_lr3e-4.json": {
        "NDCG": [
            0.0228,
            0.026228462817142997,
            0.026555474563266172,
            0.026832291850888125,
            0.027280186462001282
        ],
        "HR": [
            0.0228,
            0.0284,
            0.0292,
            0.03,
            0.0318
        ]
    }
}