{
    "./result_148480data_per64batch256_lr3e-5.json": {
        "NDCG": [
            0.011600000000000003,
            0.01820929753571459,
            0.01896698583991115,
            0.01926969043537056,
            0.0197823988407253
        ],
        "HR": [
            0.0116,
            0.0222,
            0.024,
            0.025,
            0.027
        ]
    }
}