{
    "./result_sota_beam8.json": {
        "NDCG": [
            0.025400000000000002,
            0.030590322324285903,
            0.031089604693638428,
            0.031405051046170696,
            0.03189977518223561
        ],
        "HR": [
            0.0254,
            0.034,
            0.0352,
            0.0362,
            0.0382
        ]
    }
}