{
    "./result_sota.json": {
        "NDCG": [
            0.027000000000000003,
            0.03269506612714307,
            0.03303960737360177,
            0.033483614186464096,
            0.03407142658187995
        ],
        "HR": [
            0.027,
            0.0364,
            0.0372,
            0.0386,
            0.041
        ]
    }
}