{
    "./result_sota.json": {
        "NDCG": [
            0.042800000000000005,
            0.05192827274714326,
            0.052772096362954504,
            0.05382023813208867,
            0.05537401923137481
        ],
        "HR": [
            0.0428,
            0.0584,
            0.0604,
            0.0642,
            0.071
        ]
    }
}