{
    "./result_sota_beam1.json": {
        "NDCG": [
            0.025600000000000005,
            0.031016508275000194,
            0.0316019259559674,
            0.032124815531225495,
            0.03270542165278377
        ],
        "HR": [
            0.0256,
            0.0346,
            0.036,
            0.0376,
            0.04
        ]
    }
}