{
    "result_sota.json": {
        "NDCG": [
            0.027200000000000005,
            0.03367836778214311,
            0.034619352381413004,
            0.0356032772721532,
            0.037174128628567484
        ],
        "HR": [
            0.0272,
            0.0378,
            0.0402,
            0.0434,
            0.0498
        ]
    }
}