{
    "./result_sota_beam16.json": {
        "NDCG": [
            0.024400000000000005,
            0.02911176447214303,
            0.02945630571860174,
            0.029906086483912762,
            0.030238964275762885
        ],
        "HR": [
            0.0244,
            0.0322,
            0.033,
            0.0344,
            0.0358
        ]
    }
}