{
    "./result_sota.json": {
        "NDCG": [
            0.042600000000000006,
            0.05220208679642897,
            0.05304591041224021,
            0.05404251900191243,
            0.05569789127552247
        ],
        "HR": [
            0.0426,
            0.0584,
            0.0604,
            0.0634,
            0.07
        ]
    }
}