{
    "./result_sota_beam2.json": {
        "NDCG": [
            0.025400000000000002,
            0.031042694225714478,
            0.03155074134523477,
            0.03192996738820937,
            0.03256355627424313
        ],
        "HR": [
            0.0254,
            0.0348,
            0.036,
            0.0372,
            0.0398
        ]
    }
}