{
    "./result_retrain2__131072data_per64batch1024.json": {
        "NDCG": [
            0.024200000000000003,
            0.029947438028571652,
            0.030033573340186328,
            0.0303502003501589,
            0.030755511487184514
        ],
        "HR": [
            0.0242,
            0.0336,
            0.0338,
            0.0348,
            0.0364
        ]
    }
}