{
    "./result_retrain__131072data_per64batch1024.json": {
        "NDCG": [
            0.02,
            0.02680455373285741,
            0.027303836102209926,
            0.02801769239807005,
            0.028521393221697208
        ],
        "HR": [
            0.02,
            0.0312,
            0.0324,
            0.0346,
            0.0366
        ]
    }
}