{
    "./result_ckpt2_50000points.json": {
        "NDCG": [
            0.021400000000000002,
            0.025937950422857337,
            0.02642846804204209,
            0.026824009533399047,
            0.027626739369759023
        ],
        "HR": [
            0.0214,
            0.0288,
            0.03,
            0.0312,
            0.0344
        ]
    }
}