{
    "./result_ckpt1_50000points.json": {
        "NDCG": [
            0.0114,
            0.01626413637357163,
            0.01691815986581798,
            0.017377974989972393,
            0.01822863873487261
        ],
        "HR": [
            0.0114,
            0.0194,
            0.021,
            0.0224,
            0.0258
        ]
    }
}