{
    "./result_ckpt4_50000points.json": {
        "NDCG": [
            0.021200000000000004,
            0.02485464876785729,
            0.025276560575762917,
            0.02580233712724536,
            0.026440777486199874
        ],
        "HR": [
            0.0212,
            0.0272,
            0.0282,
            0.0298,
            0.0324
        ]
    }
}