{
    "./result_ckpt3_50000points.json": {
        "NDCG": [
            0.021600000000000005,
            0.02581176447214304,
            0.026233676280048655,
            0.02694056477128462,
            0.02768417762320056
        ],
        "HR": [
            0.0216,
            0.0284,
            0.0294,
            0.0316,
            0.0346
        ]
    }
}