{
    "./result_ckpt5_50000points.json": {
        "NDCG": [
            0.022200000000000004,
            0.024923719014285837,
            0.02525949551057678,
            0.02585075807128559,
            0.026097764302568386
        ],
        "HR": [
            0.0222,
            0.0266,
            0.0274,
            0.0292,
            0.0302
        ]
    }
}