{
    "./result_140000data_per64batch256_new_dataset_ckpt6.json": {
        "NDCG": [
            0.021200000000000004,
            0.02558557852142875,
            0.0259987255791666,
            0.02644322633438405,
            0.026948380479297245
        ],
        "HR": [
            0.0212,
            0.0284,
            0.0294,
            0.0308,
            0.0328
        ]
    }
}