{
    "./result_140000data_per64batch256_new_dataset_ckpt1.json": {
        "NDCG": [
            0.019600000000000003,
            0.02534743802857166,
            0.025674449774694828,
            0.026183435459693222,
            0.02653145747498929
        ],
        "HR": [
            0.0196,
            0.029,
            0.0298,
            0.0314,
            0.0328
        ]
    }
}