{
    "./result_140000data_per64batch256_new_dataset_ckpt3.json": {
        "NDCG": [
            0.0238,
            0.029168880176428772,
            0.029409756610937265,
            0.02986240582821917,
            0.030515964394675313
        ],
        "HR": [
            0.0238,
            0.0326,
            0.0332,
            0.0346,
            0.0372
        ]
    }
}