{
    "./result_140000data_per64batch256_new_dataset_ckpt4.json": {
        "NDCG": [
            0.021200000000000004,
            0.026016508275000204,
            0.026352284771291146,
            0.02687089541590109,
            0.027269472022921386
        ],
        "HR": [
            0.0212,
            0.029,
            0.0298,
            0.0314,
            0.033
        ]
    }
}