{
    "./result_140000data_per64batch256_new_dataset_ckpt2.json": {
        "NDCG": [
            0.0224,
            0.0275903223242859,
            0.027917334070409076,
            0.02836709631146663,
            0.02892702686238064
        ],
        "HR": [
            0.0224,
            0.031,
            0.0318,
            0.0332,
            0.0354
        ]
    }
}