{
    "./result_140000data_per64batch256_new_dataset_ckpt5.json": {
        "NDCG": [
            0.022000000000000002,
            0.02666413637357162,
            0.026991148119694792,
            0.027372555899555093,
            0.02797883945802708
        ],
        "HR": [
            0.022,
            0.0296,
            0.0304,
            0.0316,
            0.034
        ]
    }
}