{
    "./result_sota_beam20_batch1.json": {
        "NDCG": [
            0.0362,
            0.0431903223242859,
            0.045315898674086516,
            0.04847304589779447,
            0.051895174045057293
        ],
        "HR": [
            0.0362,
            0.0484,
            0.0536,
            0.0634,
            0.077
        ]
    }
}