{
    "./result_140000data_per32batch256_10epoch_lr1e-4_ckpt2.json": {
        "NDCG": [
            0.023200000000000005,
            0.028342694225714483,
            0.028824447094731472,
            0.029084948933971053,
            0.029744086658668963
        ],
        "HR": [
            0.0232,
            0.0316,
            0.0328,
            0.0336,
            0.0362
        ]
    }
}