{
    "./result_140000data_per32batch256_10epoch_lr1e-4_ckpt4.json": {
        "NDCG": [
            0.020200000000000003,
            0.024233206620000166,
            0.024637588927570245,
            0.02490097774303418,
            0.025598181509834776
        ],
        "HR": [
            0.0202,
            0.0268,
            0.0278,
            0.0286,
            0.0314
        ]
    }
}