{
    "./result_140000data_per32batch256_10epoch_lr1e-4_ckpt5.json": {
        "NDCG": [
            0.0224,
            0.02608083471857158,
            0.026571352337756336,
            0.02703285525644133,
            0.02758272711984397
        ],
        "HR": [
            0.0224,
            0.0284,
            0.0296,
            0.031,
            0.0332
        ]
    }
}