{
    "./result_140000data_per32batch256_10epoch_lr1e-4_ckpt3.json": {
        "NDCG": [
            0.021800000000000003,
            0.02636413637357162,
            0.02685465399275638,
            0.02733607749410009,
            0.027930565531940274
        ],
        "HR": [
            0.0218,
            0.0292,
            0.0304,
            0.032,
            0.0344
        ]
    }
}