{
    "./result_140000data_per32batch256_10epoch_lr1e-4_ckpt1.json": {
        "NDCG": [
            0.0158,
            0.022783111585000283,
            0.0232050233929059,
            0.023986021773534368,
            0.0244478104093022
        ],
        "HR": [
            0.0158,
            0.0272,
            0.0282,
            0.0306,
            0.0324
        ]
    }
}