{
    "./result_148000data_per64batch1024_pad_trainoninputs_ckpt2.json": {
        "NDCG": [
            0.0206,
            0.026425995880714526,
            0.027088784123128637,
            0.027284505192480484,
            0.02758246484039546
        ],
        "HR": [
            0.0206,
            0.03,
            0.0316,
            0.0322,
            0.0334
        ]
    }
}