{
    "./result_148000data_per64batch1024_pad_ckpt1.json": {
        "NDCG": [
            0.012000000000000002,
            0.018756925634286013,
            0.01917007269202386,
            0.019566794840821126,
            0.02015407354613004
        ],
        "HR": [
            0.012,
            0.023,
            0.024,
            0.0252,
            0.0276
        ]
    }
}