{
    "./result_148000data_per64batch1024_pad_ckpt2.json": {
        "NDCG": [
            0.024200000000000003,
            0.030147438028571647,
            0.030664249898259707,
            0.031190026449742152,
            0.031738035105050855
        ],
        "HR": [
            0.0242,
            0.034,
            0.0352,
            0.0368,
            0.039
        ]
    }
}