{
    "./result_148000data_per64batch1024_pad_trainoninputs_ckpt1.json": {
        "NDCG": [
            0.012600000000000002,
            0.018552181831428843,
            0.019051464200781375,
            0.019244316818162334,
            0.01983192405587251
        ],
        "HR": [
            0.0126,
            0.0222,
            0.0234,
            0.024,
            0.0264
        ]
    }
}