{
    "./result_131072data_per64batch2048.json": {
        "NDCG": [
            0.006600000000000001,
            0.011816508275000207,
            0.01272017295192282,
            0.013277623958426577,
            0.013869929605840756
        ],
        "HR": [
            0.0066,
            0.0152,
            0.0174,
            0.0192,
            0.0216
        ]
    }
}