{
    "./result_131072data_per64batch1024.json": {
        "NDCG": [
            0.011000000000000001,
            0.018109297535714594,
            0.01868595046651402,
            0.01942498883087296,
            0.02007356688785028
        ],
        "HR": [
            0.011,
            0.0226,
            0.024,
            0.0264,
            0.029
        ]
    }
}