{
    "./result_per64batch256_pad.json": {
        "NDCG": [
            0.026600000000000002,
            0.03242125207785736,
            0.03292053444720988,
            0.03323070078964858,
            0.033929230115720424
        ],
        "HR": [
            0.0266,
            0.0362,
            0.0374,
            0.0384,
            0.0412
        ]
    }
}