{
    "./result_140000data_per64batch256_pad.json": {
        "NDCG": [
            0.025449262886043017,
            0.03208935257048296,
            0.03262661972786221,
            0.033071430812692086,
            0.03364609456380754
        ],
        "HR": [
            0.02544926288604326,
            0.036263854514150436,
            0.0375551490369095,
            0.03900785537501345,
            0.041267620789841815
        ]
    }
}