{
    "./result_per64batch256_pad.json": {
        "NDCG": [
            0.029800000000000007,
            0.033580834718571574,
            0.03400274652647719,
            0.03464775441878493,
            0.035240231404191566
        ],
        "HR": [
            0.0298,
            0.036,
            0.037,
            0.039,
            0.0414
        ]
    }
}