{
    "./result_per64batch256_pad_8beam_temperature1_dosample.json": {
        "NDCG": [
            0.026400000000000003,
            0.03202125207785736,
            0.032434399135595204,
            0.0330033795227429,
            0.03353551069653408
        ],
        "HR": [
            0.0264,
            0.0356,
            0.0366,
            0.0384,
            0.0406
        ]
    }
}